<?xml version="1.0" encoding="utf-8"?>
<XnaContent>
  <Asset Type="Particle3DSample.ParticleSettings">
    <TextureName>explosion</TextureName>
    <MaxParticles>100</MaxParticles>
    <Duration>PT2S</Duration>
    <DurationRandomness>1</DurationRandomness>
    <EmitterVelocitySensitivity>1</EmitterVelocitySensitivity>
    <MinHorizontalVelocity>20</MinHorizontalVelocity>
    <MaxHorizontalVelocity>30</MaxHorizontalVelocity>
    <MinVerticalVelocity>-20</MinVerticalVelocity>
    <MaxVerticalVelocity>20</MaxVerticalVelocity>
    <Gravity>0 0 0</Gravity>
    <EndVelocity>0</EndVelocity>
    <MinColor>FF808080</MinColor>
    <MaxColor>FFA9A9A9</MaxColor>
    <MinRotateSpeed>-1</MinRotateSpeed>
    <MaxRotateSpeed>1</MaxRotateSpeed>
    <MinStartSize>10</MinStartSize>
    <MaxStartSize>10</MaxStartSize>
    <MinEndSize>100</MinEndSize>
    <MaxEndSize>200</MaxEndSize>
    <SourceBlend>SourceAlpha</SourceBlend>
    <DestinationBlend>One</DestinationBlend>
  </Asset>
</XnaContent>