<?xml version="1.0" encoding="utf-8"?>
<XnaContent>
  <Asset Type="Particle3DSample.ParticleSettings">
    <TextureName>smoke</TextureName>
    <MaxParticles>600</MaxParticles>
    <Duration>PT10S</Duration>
    <DurationRandomness>0</DurationRandomness>
    <EmitterVelocitySensitivity>1</EmitterVelocitySensitivity>
    <MinHorizontalVelocity>0</MinHorizontalVelocity>
    <MaxHorizontalVelocity>15</MaxHorizontalVelocity>
    <MinVerticalVelocity>10</MinVerticalVelocity>
    <MaxVerticalVelocity>20</MaxVerticalVelocity>
    <Gravity>-20 -5 0</Gravity>
    <EndVelocity>0.75</EndVelocity>
    <MinColor>FFFFFFFF</MinColor>
    <MaxColor>FFFFFFFF</MaxColor>
    <MinRotateSpeed>-1</MinRotateSpeed>
    <MaxRotateSpeed>1</MaxRotateSpeed>
    <MinStartSize>5</MinStartSize>
    <MaxStartSize>10</MaxStartSize>
    <MinEndSize>50</MinEndSize>
    <MaxEndSize>200</MaxEndSize>
    <SourceBlend>SourceAlpha</SourceBlend>
    <DestinationBlend>InverseSourceAlpha</DestinationBlend>
  </Asset>
</XnaContent>